{
  "brand_extraction": {
    "min_confidence": 0.3,
    "use_google_validation": true,
    "use_google_images": true,
    "cache_validations": true,
    "multilingual_support": true
  },
  "pinecone": {
    "index_name": "tgm-brand-embeddings",
    "namespace": "brand-tracking",
    "top_k": 10,
    "similarity_threshold": 0.7
  },
  "categories": {
    "brand_tracking": {
      "description": "Track brand mentions, associations, and perceptions",
      "validation_strict": true,
      "auto_confirm_threshold": 0.8
    },
    "sentiment": {
      "description": "Analyze sentiment towards brands",
      "validation_strict": false,
      "auto_confirm_threshold": 0.6
    }
  },
  "enrichment": {
    "google_search": {
      "enabled": true,
      "max_results": 5
    },
    "google_images": {
      "enabled": true,
      "max_results": 3
    },
    "knowledge_graph": {
      "enabled": true
    }
  }
}
